"storm","location","city","wind","city_radius","normaldays","normalstart","cityimpactday","day","days_after_storm","totaldisplacement","avgdisplacement","posts","radius_of_gyration","centroid"
"Haiyan","Tacloban - Haiyan 2013-11-08 00:00:00+00","Tacloban",230,"11",4,"2013-10-28 00:00:00+00","2013-11-08 00:00:00+00","2013-10-25",-14,"2.00214","0.40043","5","0.20704","0101000020E61000006666668644405F40666666E6C1542640"
"Haiyan","Tacloban - Haiyan 2013-11-08 00:00:00+00","Tacloban",230,"11",4,"2013-10-28 00:00:00+00","2013-11-08 00:00:00+00","2013-10-25",-14,"0.94413","0.23603","4","0.07137","0101000020E61000000000008059405F4000000050307E2640"
"Haiyan","Tacloban - Haiyan 2013-11-08 00:00:00+00","Tacloban",230,"11",4,"2013-10-28 00:00:00+00","2013-11-08 00:00:00+00","2013-10-25",-14,"3.80926","1.26975","3","0.38754","0101000020E6100000ABAAAACA0F405F40ABAAAA6A976C2640"
"Haiyan","Tacloban - Haiyan 2013-11-08 00:00:00+00","Tacloban",230,"11",4,"2013-10-28 00:00:00+00","2013-11-08 00:00:00+00","2013-10-25",-14,"28.13870","9.37958","3","1.61346","0101000020E610000000000060AE3F5F40ABAAAA8A02832640"
"Haiyan","Tacloban - Haiyan 2013-11-08 00:00:00+00","Tacloban",230,"11",4,"2013-10-28 00:00:00+00","2013-11-08 00:00:00+00","2013-10-25",-14,"0.10738","0.05369","2","0.02639","0101000020E610000000000000643F5F40000000C07D512640"
"Haiyan","Tacloban - Haiyan 2013-11-08 00:00:00+00","Tacloban",230,"11",4,"2013-10-28 00:00:00+00","2013-11-08 00:00:00+00","2013-10-25",-14,"3.37155","1.68578","2","1.43980","0101000020E61000000000001021405F4000000090DF742640"
"Haiyan","Tacloban - Haiyan 2013-11-08 00:00:00+00","Tacloban",230,"11",4,"2013-10-28 00:00:00+00","2013-11-08 00:00:00+00","2013-10-25",-14,"8.42759","4.21379","2","2.85682","0101000020E61000000000003023405F400000002045792640"
"Haiyan","Tacloban - Haiyan 2013-11-08 00:00:00+00","Tacloban",230,"11",4,"2013-10-28 00:00:00+00","2013-11-08 00:00:00+00","2013-10-25",-14,"1.42145","0.71072","2","0.12488","0101000020E61000000000004021405F400000000041782640"
"Haiyan","Tacloban - Haiyan 2013-11-08 00:00:00+00","Tacloban",230,"11",4,"2013-10-28 00:00:00+00","2013-11-08 00:00:00+00","2013-10-25",-14,"1.95392","0.97696","2","0.70458","0101000020E61000000000006040405F40000000C0B5792640"
"Haiyan","Tacloban - Haiyan 2013-11-08 00:00:00+00","Tacloban",230,"11",4,"2013-10-28 00:00:00+00","2013-11-08 00:00:00+00","2013-10-25",-14,"4.74742","2.37371","2","1.33901","0101000020E6100000000000A0C53F5F40000000A03D7C2640"
"Haiyan","Tacloban - Haiyan 2013-11-08 00:00:00+00","Tacloban",230,"11",4,"2013-10-28 00:00:00+00","2013-11-08 00:00:00+00","2013-10-25",-14,"2.88858","1.44429","2","0.82842","0101000020E6100000000000F0F83F5F400000000013702640"
"Haiyan","Tacloban - Haiyan 2013-11-08 00:00:00+00","Tacloban",230,"11",4,"2013-10-28 00:00:00+00","2013-11-08 00:00:00+00","2013-10-25",-14,"0.18165","0.09083","2","0.04541","0101000020E6100000000000D0CF3E5F4000000070727D2640"
"Haiyan","Tacloban - Haiyan 2013-11-08 00:00:00+00","Tacloban",230,"11",4,"2013-10-28 00:00:00+00","2013-11-08 00:00:00+00","2013-10-25",-14,"2.00136","1.00068","2","0.49902","0101000020E6100000000000B05D3F5F400000005074522640"
"Haiyan","Tacloban - Haiyan 2013-11-08 00:00:00+00","Tacloban",230,"11",4,"2013-10-28 00:00:00+00","2013-11-08 00:00:00+00","2013-10-26",-13,"1.58923","0.39731","4","0.17734","0101000020E6100000000000B05F405F40000000C09F7E2640"
"Haiyan","Tacloban - Haiyan 2013-11-08 00:00:00+00","Tacloban",230,"11",4,"2013-10-28 00:00:00+00","2013-11-08 00:00:00+00","2013-10-26",-13,"0.34895","0.11632","3","0.00473","0101000020E6100000555555D50C405F400000004060782640"
"Haiyan","Tacloban - Haiyan 2013-11-08 00:00:00+00","Tacloban",230,"11",4,"2013-10-28 00:00:00+00","2013-11-08 00:00:00+00","2013-10-26",-13,"22.82750","7.60917","3","1.43357","0101000020E6100000ABAAAA2A4F3F5F40555555F5A0752640"
"Haiyan","Tacloban - Haiyan 2013-11-08 00:00:00+00","Tacloban",230,"11",4,"2013-10-28 00:00:00+00","2013-11-08 00:00:00+00","2013-10-26",-13,"0.76459","0.25486","3","0.08435","0101000020E6100000ABAAAA4A7E405F40ABAAAAAA33812640"
"Haiyan","Tacloban - Haiyan 2013-11-08 00:00:00+00","Tacloban",230,"11",4,"2013-10-28 00:00:00+00","2013-11-08 00:00:00+00","2013-10-26",-13,"3.12925","1.56462","2","0.86493","0101000020E61000000000004025405F4000000050326D2640"
"Haiyan","Tacloban - Haiyan 2013-11-08 00:00:00+00","Tacloban",230,"11",4,"2013-10-28 00:00:00+00","2013-11-08 00:00:00+00","2013-10-26",-13,"4.35574","2.17787","2","1.62254","0101000020E61000000000005004405F40000000D03C742640"
"Haiyan","Tacloban - Haiyan 2013-11-08 00:00:00+00","Tacloban",230,"11",4,"2013-10-28 00:00:00+00","2013-11-08 00:00:00+00","2013-10-26",-13,"1.03963","0.51982","2","0.25716","0101000020E6100000000000A041405F4000000040BD542640"
"Haiyan","Tacloban - Haiyan 2013-11-08 00:00:00+00","Tacloban",230,"11",4,"2013-10-28 00:00:00+00","2013-11-08 00:00:00+00","2013-10-26",-13,"3.58201","1.79100","2","0.20939","0101000020E61000000000005029405F40000000D0177E2640"
"Haiyan","Tacloban - Haiyan 2013-11-08 00:00:00+00","Tacloban",230,"11",4,"2013-10-28 00:00:00+00","2013-11-08 00:00:00+00","2013-10-27",-12,"6.71200","0.95886","7","0.07714","0101000020E6100000254992E4F13F5F40499224C9F5682640"
"Haiyan","Tacloban - Haiyan 2013-11-08 00:00:00+00","Tacloban",230,"11",4,"2013-10-28 00:00:00+00","2013-11-08 00:00:00+00","2013-10-27",-12,"20.53410","3.42235","6","0.47436","0101000020E61000005555559553405F40555555D59A692640"
"Haiyan","Tacloban - Haiyan 2013-11-08 00:00:00+00","Tacloban",230,"11",4,"2013-10-28 00:00:00+00","2013-11-08 00:00:00+00","2013-10-27",-12,"8.46160","2.11540","4","1.02640","0101000020E610000000000048723F5F4000000058E8772640"
"Haiyan","Tacloban - Haiyan 2013-11-08 00:00:00+00","Tacloban",230,"11",4,"2013-10-28 00:00:00+00","2013-11-08 00:00:00+00","2013-10-27",-12,"8.40248","2.80083","3","1.32151","0101000020E6100000000000E03F405F400000002062762640"
"Haiyan","Tacloban - Haiyan 2013-11-08 00:00:00+00","Tacloban",230,"11",4,"2013-10-28 00:00:00+00","2013-11-08 00:00:00+00","2013-10-27",-12,"7.92551","2.64184","3","1.25004","0101000020E6100000ABAAAA0A42405F40ABAAAA8AE5752640"
"Haiyan","Tacloban - Haiyan 2013-11-08 00:00:00+00","Tacloban",230,"11",4,"2013-10-28 00:00:00+00","2013-11-08 00:00:00+00","2013-10-27",-12,"0.08910","0.04455","2","0.02630","0101000020E6100000000000900E405F40000000505A782640"
"Haiyan","Tacloban - Haiyan 2013-11-08 00:00:00+00","Tacloban",230,"11",4,"2013-10-28 00:00:00+00","2013-11-08 00:00:00+00","2013-10-27",-12,"0.07477","0.03738","2","0.02237","0101000020E6100000000000608C3D5F40000000F03A812640"
"Haiyan","Tacloban - Haiyan 2013-11-08 00:00:00+00","Tacloban",230,"11",4,"2013-10-28 00:00:00+00","2013-11-08 00:00:00+00","2013-10-27",-12,"0.21526","0.10763","2","0.05735","0101000020E61000000000004083405F4000000060626A2640"
"Haiyan","Tacloban - Haiyan 2013-11-08 00:00:00+00","Tacloban",230,"11",4,"2013-10-28 00:00:00+00","2013-11-08 00:00:00+00","2013-10-27",-12,"0.09365","0.04683","2","0.02101","0101000020E610000000000040643F5F40000000906C512640"
"Haiyan","Tacloban - Haiyan 2013-11-08 00:00:00+00","Tacloban",230,"11",4,"2013-10-28 00:00:00+00","2013-11-08 00:00:00+00","2013-10-27",-12,"13.07790","6.53894","2","2.09720","0101000020E6100000000000106F405F40000000C042762640"
"Haiyan","Tacloban - Haiyan 2013-11-08 00:00:00+00","Tacloban",230,"11",4,"2013-10-28 00:00:00+00","2013-11-08 00:00:00+00","2013-10-28",-11,"3.35352","0.55892","6","0.12717","0101000020E6100000ABAAAA3ACA3F5F40000000308F692640"
"Haiyan","Tacloban - Haiyan 2013-11-08 00:00:00+00","Tacloban",230,"11",4,"2013-10-28 00:00:00+00","2013-11-08 00:00:00+00","2013-10-28",-11,"3.40535","0.68107","5","0.26000","0101000020E6100000CDCCCC8C6C405F4066666646F6682640"
"Haiyan","Tacloban - Haiyan 2013-11-08 00:00:00+00","Tacloban",230,"11",4,"2013-10-28 00:00:00+00","2013-11-08 00:00:00+00","2013-10-28",-11,"9.60846","2.40212","4","1.03196","0101000020E6100000000000F8893F5F40000000607D7C2640"
"Haiyan","Tacloban - Haiyan 2013-11-08 00:00:00+00","Tacloban",230,"11",4,"2013-10-28 00:00:00+00","2013-11-08 00:00:00+00","2013-10-28",-11,"2.06897","0.68966","3","0.27921","0101000020E6100000ABAAAACA5B405F40000000000B6A2640"
"Haiyan","Tacloban - Haiyan 2013-11-08 00:00:00+00","Tacloban",230,"11",4,"2013-10-28 00:00:00+00","2013-11-08 00:00:00+00","2013-10-28",-11,"0.82128","0.27376","3","0.05749","0101000020E610000000000060A13F5F40555555356E7F2640"
"Haiyan","Tacloban - Haiyan 2013-11-08 00:00:00+00","Tacloban",230,"11",4,"2013-10-28 00:00:00+00","2013-11-08 00:00:00+00","2013-10-28",-11,"11.15510","5.57755","2","2.78880","0101000020E6100000000000408C3F5F40000000D0845F2640"
"Haiyan","Tacloban - Haiyan 2013-11-08 00:00:00+00","Tacloban",230,"11",4,"2013-10-28 00:00:00+00","2013-11-08 00:00:00+00","2013-10-28",-11,"5.57158","2.78579","2","2.32731","0101000020E6100000000000A07B405F400000008022752640"
"Haiyan","Tacloban - Haiyan 2013-11-08 00:00:00+00","Tacloban",230,"11",4,"2013-10-28 00:00:00+00","2013-11-08 00:00:00+00","2013-10-28",-11,"5.05610","2.52805","2","1.86658","0101000020E61000000000009077405F40000000E006742640"
"Haiyan","Tacloban - Haiyan 2013-11-08 00:00:00+00","Tacloban",230,"11",4,"2013-10-28 00:00:00+00","2013-11-08 00:00:00+00","2013-10-28",-11,"0.93015","0.46507","2","0.21413","0101000020E6100000000000B06F405F40000000E08B562640"
"Haiyan","Tacloban - Haiyan 2013-11-08 00:00:00+00","Tacloban",230,"11",4,"2013-10-28 00:00:00+00","2013-11-08 00:00:00+00","2013-10-28",-11,"4.25006","2.12503","2","0.11144","0101000020E6100000000000800D405F40000000A0AC7C2640"
"Haiyan","Tacloban - Haiyan 2013-11-08 00:00:00+00","Tacloban",230,"11",4,"2013-10-28 00:00:00+00","2013-11-08 00:00:00+00","2013-10-28",-11,"14.60990","7.30493","2","3.65349","0101000020E6100000000000901E3F5F40000000B0268B2640"
"Haiyan","Tacloban - Haiyan 2013-11-08 00:00:00+00","Tacloban",230,"11",4,"2013-10-28 00:00:00+00","2013-11-08 00:00:00+00","2013-10-28",-11,"0.06869","0.03435","2","0.01726","0101000020E6100000000000D05E3F5F40000000705F512640"
"Haiyan","Tacloban - Haiyan 2013-11-08 00:00:00+00","Tacloban",230,"11",4,"2013-10-28 00:00:00+00","2013-11-08 00:00:00+00","2013-10-28",-11,"0.71153","0.35576","2","0.17788","0101000020E6100000000000E02E3F5F400000008026522640"
"Haiyan","Tacloban - Haiyan 2013-11-08 00:00:00+00","Tacloban",230,"11",4,"2013-10-28 00:00:00+00","2013-11-08 00:00:00+00","2013-10-28",-11,"0.08835","0.04418","2","0.02218","0101000020E6100000000000F026405F40000000D06F7B2640"
"Haiyan","Tacloban - Haiyan 2013-11-08 00:00:00+00","Tacloban",230,"11",4,"2013-10-28 00:00:00+00","2013-11-08 00:00:00+00","2013-10-28",-11,"4.01660","2.00830","2","1.31912","0101000020E6100000000000F0E53F5F4000000040F8732640"
"Haiyan","Tacloban - Haiyan 2013-11-08 00:00:00+00","Tacloban",230,"11",4,"2013-10-28 00:00:00+00","2013-11-08 00:00:00+00","2013-10-29",-10,"13.50090","1.12508","12","0.73553","0101000020E6100000555555FD1E405F400000009871782640"
"Haiyan","Tacloban - Haiyan 2013-11-08 00:00:00+00","Tacloban",230,"11",4,"2013-10-28 00:00:00+00","2013-11-08 00:00:00+00","2013-10-29",-10,"16.04140","2.67357","6","0.36598","0101000020E61000000000002001405F40555555F5C8752640"
"Haiyan","Tacloban - Haiyan 2013-11-08 00:00:00+00","Tacloban",230,"11",4,"2013-10-28 00:00:00+00","2013-11-08 00:00:00+00","2013-10-29",-10,"7.79700","1.55940","5","1.30528","0101000020E6100000000000C04D405F400000004074752640"
"Haiyan","Tacloban - Haiyan 2013-11-08 00:00:00+00","Tacloban",230,"11",4,"2013-10-28 00:00:00+00","2013-11-08 00:00:00+00","2013-10-29",-10,"6.32730","1.58182","4","0.23127","0101000020E6100000000000A02F405F40000000584F7C2640"
"Haiyan","Tacloban - Haiyan 2013-11-08 00:00:00+00","Tacloban",230,"11",4,"2013-10-28 00:00:00+00","2013-11-08 00:00:00+00","2013-10-29",-10,"3.40408","0.85102","4","0.42236","0101000020E61000000000005056405F400000008820552640"
"Haiyan","Tacloban - Haiyan 2013-11-08 00:00:00+00","Tacloban",230,"11",4,"2013-10-28 00:00:00+00","2013-11-08 00:00:00+00","2013-10-29",-10,"8.55958","2.85319","3","1.26551","0101000020E6100000ABAAAACA2A405F400000000087762640"
"Haiyan","Tacloban - Haiyan 2013-11-08 00:00:00+00","Tacloban",230,"11",4,"2013-10-28 00:00:00+00","2013-11-08 00:00:00+00","2013-10-29",-10,"5.87908","2.93954","2","1.83876","0101000020E6100000000000106F405F400000005025752640"
"Haiyan","Tacloban - Haiyan 2013-11-08 00:00:00+00","Tacloban",230,"11",4,"2013-10-28 00:00:00+00","2013-11-08 00:00:00+00","2013-10-29",-10,"0.08936","0.04468","2","0.02234","0101000020E610000000000010643F5F400000005072512640"
"Haiyan","Tacloban - Haiyan 2013-11-08 00:00:00+00","Tacloban",230,"11",4,"2013-10-28 00:00:00+00","2013-11-08 00:00:00+00","2013-10-29",-10,"1.30306","0.65153","2","0.30218","0101000020E61000000000008059405F4000000000C27F2640"
"Haiyan","Tacloban - Haiyan 2013-11-08 00:00:00+00","Tacloban",230,"11",4,"2013-10-28 00:00:00+00","2013-11-08 00:00:00+00","2013-10-29",-10,"5.07748","2.53874","2","1.22178","0101000020E610000000000000EB405F4000000020CC6B2640"
"Haiyan","Tacloban - Haiyan 2013-11-08 00:00:00+00","Tacloban",230,"11",4,"2013-10-28 00:00:00+00","2013-11-08 00:00:00+00","2013-10-29",-10,"4.68814","2.34407","2","1.11191","0101000020E6100000000000404F405F40000000A018762640"
"Haiyan","Tacloban - Haiyan 2013-11-08 00:00:00+00","Tacloban",230,"11",4,"2013-10-28 00:00:00+00","2013-11-08 00:00:00+00","2013-10-29",-10,"0.18165","0.09083","2","0.04541","0101000020E6100000000000D0CF3E5F4000000070727D2640"
"Haiyan","Tacloban - Haiyan 2013-11-08 00:00:00+00","Tacloban",230,"11",4,"2013-10-28 00:00:00+00","2013-11-08 00:00:00+00","2013-10-29",-10,"0.94623","0.47312","2","0.03537","0101000020E6100000000000E085405F40000000C03F6A2640"
"Haiyan","Tacloban - Haiyan 2013-11-08 00:00:00+00","Tacloban",230,"11",4,"2013-10-28 00:00:00+00","2013-11-08 00:00:00+00","2013-10-29",-10,"4.34989","2.17494","2","1.08759","0101000020E6100000000000E0733F5F40000000B08D7C2640"
"Haiyan","Tacloban - Haiyan 2013-11-08 00:00:00+00","Tacloban",230,"11",4,"2013-10-28 00:00:00+00","2013-11-08 00:00:00+00","2013-10-29",-10,"2.84548","1.42274","2","1.26865","0101000020E61000000000003046405F400000007075752640"
"Haiyan","Tacloban - Haiyan 2013-11-08 00:00:00+00","Tacloban",230,"11",4,"2013-10-28 00:00:00+00","2013-11-08 00:00:00+00","2013-10-30",-9,"11.89840","0.84988","14","1.12549","0101000020E6100000B76DDBB6B9405F40DBB66DDB63792640"
"Haiyan","Tacloban - Haiyan 2013-11-08 00:00:00+00","Tacloban",230,"11",4,"2013-10-28 00:00:00+00","2013-11-08 00:00:00+00","2013-10-30",-9,"3.38657","0.48380","7","0.24508","0101000020E6100000DBB66DDB44405F40B76DDB5695542640"
"Haiyan","Tacloban - Haiyan 2013-11-08 00:00:00+00","Tacloban",230,"11",4,"2013-10-28 00:00:00+00","2013-11-08 00:00:00+00","2013-10-30",-9,"7.22104","1.20351","6","0.51791","0101000020E6100000ABAAAABA32405F40ABAAAA3A5E6C2640"
"Haiyan","Tacloban - Haiyan 2013-11-08 00:00:00+00","Tacloban",230,"11",4,"2013-10-28 00:00:00+00","2013-11-08 00:00:00+00","2013-10-30",-9,"9.83070","1.63845","6","0.32250","0101000020E6100000555555B55D405F40000000C024592640"
"Haiyan","Tacloban - Haiyan 2013-11-08 00:00:00+00","Tacloban",230,"11",4,"2013-10-28 00:00:00+00","2013-11-08 00:00:00+00","2013-10-30",-9,"17.44910","2.90818","6","1.00965","0101000020E6100000000000506A405F405555557532792640"
"Haiyan","Tacloban - Haiyan 2013-11-08 00:00:00+00","Tacloban",230,"11",4,"2013-10-28 00:00:00+00","2013-11-08 00:00:00+00","2013-10-30",-9,"4.95027","0.82505","6","0.98126","0101000020E6100000ABAAAA1A81405F40000000104D792640"
"Haiyan","Tacloban - Haiyan 2013-11-08 00:00:00+00","Tacloban",230,"11",4,"2013-10-28 00:00:00+00","2013-11-08 00:00:00+00","2013-10-30",-9,"3.67316","0.73463","5","0.06494","0101000020E61000009A9999B931405F4000000080B0652640"
"Haiyan","Tacloban - Haiyan 2013-11-08 00:00:00+00","Tacloban",230,"11",4,"2013-10-28 00:00:00+00","2013-11-08 00:00:00+00","2013-10-30",-9,"0.84959","0.21240","4","0.17786","0101000020E6100000000000289C3D5F40000000D01E822640"
"Haiyan","Tacloban - Haiyan 2013-11-08 00:00:00+00","Tacloban",230,"11",4,"2013-10-28 00:00:00+00","2013-11-08 00:00:00+00","2013-10-30",-9,"14.46370","4.82125","3","1.56692","0101000020E610000000000000E5405F40000000C07A6D2640"
"Haiyan","Tacloban - Haiyan 2013-11-08 00:00:00+00","Tacloban",230,"11",4,"2013-10-28 00:00:00+00","2013-11-08 00:00:00+00","2013-10-30",-9,"4.50601","1.50200","3","0.07065","0101000020E6100000555555D5A0405F40555555D5B2752640"
"Haiyan","Tacloban - Haiyan 2013-11-08 00:00:00+00","Tacloban",230,"11",4,"2013-10-28 00:00:00+00","2013-11-08 00:00:00+00","2013-10-30",-9,"3.60940","1.20313","3","0.06337","0101000020E6100000ABAAAAAA3C405F4055555535C8782640"
"Haiyan","Tacloban - Haiyan 2013-11-08 00:00:00+00","Tacloban",230,"11",4,"2013-10-28 00:00:00+00","2013-11-08 00:00:00+00","2013-10-30",-9,"1.25909","0.41970","3","0.26483","0101000020E6100000000000C013405F4000000080C87A2640"
"Haiyan","Tacloban - Haiyan 2013-11-08 00:00:00+00","Tacloban",230,"11",4,"2013-10-28 00:00:00+00","2013-11-08 00:00:00+00","2013-10-30",-9,"4.50855","2.25428","2","1.12711","0101000020E6100000000000101F405F40000000B02C6A2640"
"Haiyan","Tacloban - Haiyan 2013-11-08 00:00:00+00","Tacloban",230,"11",4,"2013-10-28 00:00:00+00","2013-11-08 00:00:00+00","2013-10-30",-9,"3.95076","1.97538","2","0.60349","0101000020E6100000000000F050405F40000000D0816C2640"
"Haiyan","Tacloban - Haiyan 2013-11-08 00:00:00+00","Tacloban",230,"11",4,"2013-10-28 00:00:00+00","2013-11-08 00:00:00+00","2013-10-30",-9,"4.64364","2.32182","2","0.04836","0101000020E6100000000000A084405F40000000A0746A2640"
"Haiyan","Tacloban - Haiyan 2013-11-08 00:00:00+00","Tacloban",230,"11",4,"2013-10-28 00:00:00+00","2013-11-08 00:00:00+00","2013-10-30",-9,"9.18998","4.59499","2","2.29530","0101000020E6100000000000E02F405F4000000030A5732640"
"Haiyan","Tacloban - Haiyan 2013-11-08 00:00:00+00","Tacloban",230,"11",4,"2013-10-28 00:00:00+00","2013-11-08 00:00:00+00","2013-10-30",-9,"0.18165","0.09083","2","0.04541","0101000020E6100000000000D0CF3E5F4000000070727D2640"
"Haiyan","Tacloban - Haiyan 2013-11-08 00:00:00+00","Tacloban",230,"11",4,"2013-10-28 00:00:00+00","2013-11-08 00:00:00+00","2013-10-30",-9,"2.31130","1.15565","2","0.06673","0101000020E61000000000008000405F40000000F0AA642640"
"Haiyan","Tacloban - Haiyan 2013-11-08 00:00:00+00","Tacloban",230,"11",4,"2013-10-28 00:00:00+00","2013-11-08 00:00:00+00","2013-10-30",-9,"4.32981","2.16491","2","0.57058","0101000020E6100000000000A03D405F4000000010CA7D2640"
"Haiyan","Tacloban - Haiyan 2013-11-08 00:00:00+00","Tacloban",230,"11",4,"2013-10-28 00:00:00+00","2013-11-08 00:00:00+00","2013-10-30",-9,"10.51330","5.25664","2","2.62830","0101000020E610000000000010E7405F4000000040ED722640"
"Haiyan","Tacloban - Haiyan 2013-11-08 00:00:00+00","Tacloban",230,"11",4,"2013-10-28 00:00:00+00","2013-11-08 00:00:00+00","2013-10-31",-8,"18.42550","1.53546","12","2.18929","0101000020E6100000ABAAAA62E13E5F40000000E8FC762640"
"Haiyan","Tacloban - Haiyan 2013-11-08 00:00:00+00","Tacloban",230,"11",4,"2013-10-28 00:00:00+00","2013-11-08 00:00:00+00","2013-10-31",-8,"4.96747","0.99349","5","0.39740","0101000020E61000009A99991954405F409A9999D90A582640"
"Haiyan","Tacloban - Haiyan 2013-11-08 00:00:00+00","Tacloban",230,"11",4,"2013-10-28 00:00:00+00","2013-11-08 00:00:00+00","2013-10-31",-8,"11.06750","2.21351","5","1.22890","0101000020E6100000CDCCCC4C68405F40666666E676752640"
"Haiyan","Tacloban - Haiyan 2013-11-08 00:00:00+00","Tacloban",230,"11",4,"2013-10-28 00:00:00+00","2013-11-08 00:00:00+00","2013-10-31",-8,"6.46596","1.61649","4","0.90897","0101000020E61000000000001868405F40000000C8816F2640"
"Haiyan","Tacloban - Haiyan 2013-11-08 00:00:00+00","Tacloban",230,"11",4,"2013-10-28 00:00:00+00","2013-11-08 00:00:00+00","2013-10-31",-8,"7.97596","2.65865","3","1.16485","0101000020E6100000000000A0FB3F5F4000000040BE772640"
"Haiyan","Tacloban - Haiyan 2013-11-08 00:00:00+00","Tacloban",230,"11",4,"2013-10-28 00:00:00+00","2013-11-08 00:00:00+00","2013-10-31",-8,"4.09951","1.36650","3","0.62881","0101000020E6100000ABAAAACA4B405F405555553569742640"
"Haiyan","Tacloban - Haiyan 2013-11-08 00:00:00+00","Tacloban",230,"11",4,"2013-10-28 00:00:00+00","2013-11-08 00:00:00+00","2013-10-31",-8,"11.58640","3.86214","3","1.54586","0101000020E6100000555555B5E43F5F4000000020285E2640"
"Haiyan","Tacloban - Haiyan 2013-11-08 00:00:00+00","Tacloban",230,"11",4,"2013-10-28 00:00:00+00","2013-11-08 00:00:00+00","2013-10-31",-8,"10.67840","3.55946","3","1.63142","0101000020E610000000000080A23F5F4000000060F8762640"
"Haiyan","Tacloban - Haiyan 2013-11-08 00:00:00+00","Tacloban",230,"11",4,"2013-10-28 00:00:00+00","2013-11-08 00:00:00+00","2013-10-31",-8,"6.19909","3.09955","2","0.29434","0101000020E61000000000003060405F4000000050A86A2640"
"Haiyan","Tacloban - Haiyan 2013-11-08 00:00:00+00","Tacloban",230,"11",4,"2013-10-28 00:00:00+00","2013-11-08 00:00:00+00","2013-10-31",-8,"8.66362","4.33181","2","0.76188","0101000020E6100000000000907A405F40000000004C672640"
"Haiyan","Tacloban - Haiyan 2013-11-08 00:00:00+00","Tacloban",230,"11",4,"2013-10-28 00:00:00+00","2013-11-08 00:00:00+00","2013-10-31",-8,"14.12630","7.06317","2","3.04190","0101000020E6100000000000402B405F40000000506E652640"
"Haiyan","Tacloban - Haiyan 2013-11-08 00:00:00+00","Tacloban",230,"11",4,"2013-10-28 00:00:00+00","2013-11-08 00:00:00+00","2013-10-31",-8,"7.79880","3.89940","2","1.94970","0101000020E6100000000000B037405F400000000027772640"
"Haiyan","Tacloban - Haiyan 2013-11-08 00:00:00+00","Tacloban",230,"11",4,"2013-10-28 00:00:00+00","2013-11-08 00:00:00+00","2013-10-31",-8,"4.53260","2.26630","2","0.09127","0101000020E6100000000000300A405F40000000C08E7E2640"
"Haiyan","Tacloban - Haiyan 2013-11-08 00:00:00+00","Tacloban",230,"11",4,"2013-10-28 00:00:00+00","2013-11-08 00:00:00+00","2013-10-31",-8,"1.76823","0.88411","2","0.31540","0101000020E6100000000000C038405F40000000C0157C2640"
"Haiyan","Tacloban - Haiyan 2013-11-08 00:00:00+00","Tacloban",230,"11",4,"2013-10-28 00:00:00+00","2013-11-08 00:00:00+00","2013-10-31",-8,"4.27713","2.13856","2","0.07956","0101000020E61000000000008085405F40000000D0096A2640"
"Haiyan","Tacloban - Haiyan 2013-11-08 00:00:00+00","Tacloban",230,"11",4,"2013-10-28 00:00:00+00","2013-11-08 00:00:00+00","2013-10-31",-8,"3.34514","1.67257","2","0.00491","0101000020E610000000000070AB415F4000000040E7732640"
"Haiyan","Tacloban - Haiyan 2013-11-08 00:00:00+00","Tacloban",230,"11",4,"2013-10-28 00:00:00+00","2013-11-08 00:00:00+00","2013-10-31",-8,"2.40569","1.20285","2","0.56200","0101000020E610000000000050D33F5F4000000030C77B2640"
"Haiyan","Tacloban - Haiyan 2013-11-08 00:00:00+00","Tacloban",230,"11",4,"2013-10-28 00:00:00+00","2013-11-08 00:00:00+00","2013-10-31",-8,"0.70206","0.35103","2","0.07071","0101000020E6100000000000B01E405F40000000D0EE7B2640"
"Haiyan","Tacloban - Haiyan 2013-11-08 00:00:00+00","Tacloban",230,"11",4,"2013-10-28 00:00:00+00","2013-11-08 00:00:00+00","2013-11-01",-7,NULL,NULL,"0","0",NULL
"Haiyan","Tacloban - Haiyan 2013-11-08 00:00:00+00","Tacloban",230,"11",4,"2013-10-28 00:00:00+00","2013-11-08 00:00:00+00","2013-11-02",-6,NULL,NULL,"0","0",NULL
"Haiyan","Tacloban - Haiyan 2013-11-08 00:00:00+00","Tacloban",230,"11",4,"2013-10-28 00:00:00+00","2013-11-08 00:00:00+00","2013-11-03",-5,NULL,NULL,"0","0",NULL
"Haiyan","Tacloban - Haiyan 2013-11-08 00:00:00+00","Tacloban",230,"11",4,"2013-10-28 00:00:00+00","2013-11-08 00:00:00+00","2013-11-04",-4,NULL,NULL,"0","0",NULL
"Haiyan","Tacloban - Haiyan 2013-11-08 00:00:00+00","Tacloban",230,"11",4,"2013-10-28 00:00:00+00","2013-11-08 00:00:00+00","2013-11-05",-3,"8.81946","0.38345","23","0.09520","0101000020E6100000000000600E405F4059C84296C6642640"
"Haiyan","Tacloban - Haiyan 2013-11-08 00:00:00+00","Tacloban",230,"11",4,"2013-10-28 00:00:00+00","2013-11-08 00:00:00+00","2013-11-05",-3,"10.44810","1.74134","6","0.68889","0101000020E6100000555555B5FA3F5F40555555D5ED792640"
"Haiyan","Tacloban - Haiyan 2013-11-08 00:00:00+00","Tacloban",230,"11",4,"2013-10-28 00:00:00+00","2013-11-08 00:00:00+00","2013-11-05",-3,"21.09940","4.21988","5","1.40559","0101000020E6100000333333F33A405F409A9999195B5D2640"
"Haiyan","Tacloban - Haiyan 2013-11-08 00:00:00+00","Tacloban",230,"11",4,"2013-10-28 00:00:00+00","2013-11-08 00:00:00+00","2013-11-05",-3,"6.23681","1.55920","4","0.62855","0101000020E6100000000000401D405F40000000F0B66D2640"
"Haiyan","Tacloban - Haiyan 2013-11-08 00:00:00+00","Tacloban",230,"11",4,"2013-10-28 00:00:00+00","2013-11-08 00:00:00+00","2013-11-05",-3,"3.90458","1.30153","3","0.07822","0101000020E61000005555559505405F4000000080367B2640"
"Haiyan","Tacloban - Haiyan 2013-11-08 00:00:00+00","Tacloban",230,"11",4,"2013-10-28 00:00:00+00","2013-11-08 00:00:00+00","2013-11-05",-3,"0.83133","0.41566","2","0.27111","0101000020E6100000000000705B405F4000000080C2652640"
"Haiyan","Tacloban - Haiyan 2013-11-08 00:00:00+00","Tacloban",230,"11",4,"2013-10-28 00:00:00+00","2013-11-08 00:00:00+00","2013-11-05",-3,"5.47795","2.73897","2","1.36943","0101000020E6100000000000C0FF3F5F40000000A03A752640"
"Haiyan","Tacloban - Haiyan 2013-11-08 00:00:00+00","Tacloban",230,"11",4,"2013-10-28 00:00:00+00","2013-11-08 00:00:00+00","2013-11-05",-3,"5.18412","2.59206","2","0.14267","0101000020E61000000000000021405F4000000040287B2640"
"Haiyan","Tacloban - Haiyan 2013-11-08 00:00:00+00","Tacloban",230,"11",4,"2013-10-28 00:00:00+00","2013-11-08 00:00:00+00","2013-11-05",-3,"5.54825","2.77413","2","1.40039","0101000020E6100000000000F05C405F40000000F0B1702640"
"Haiyan","Tacloban - Haiyan 2013-11-08 00:00:00+00","Tacloban",230,"11",4,"2013-10-28 00:00:00+00","2013-11-08 00:00:00+00","2013-11-05",-3,"5.34330","2.67165","2","1.33582","0101000020E610000000000090983F5F4000000010387C2640"
"Haiyan","Tacloban - Haiyan 2013-11-08 00:00:00+00","Tacloban",230,"11",4,"2013-10-28 00:00:00+00","2013-11-08 00:00:00+00","2013-11-05",-3,"0.42071","0.21036","2","0.18142","0101000020E6100000000000F0E23F5F4000000070C7682640"
"Haiyan","Tacloban - Haiyan 2013-11-08 00:00:00+00","Tacloban",230,"11",4,"2013-10-28 00:00:00+00","2013-11-08 00:00:00+00","2013-11-06",-2,"6.96576","0.63325","11","0.05273","0101000020E6100000A38B2EBA36405F405D74D1851C652640"
"Haiyan","Tacloban - Haiyan 2013-11-08 00:00:00+00","Tacloban",230,"11",4,"2013-10-28 00:00:00+00","2013-11-08 00:00:00+00","2013-11-06",-2,"21.50130","3.07162","7","0.81538","0101000020E6100000B76DDBF64C405F40B76DDBF61F5D2640"
"Haiyan","Tacloban - Haiyan 2013-11-08 00:00:00+00","Tacloban",230,"11",4,"2013-10-28 00:00:00+00","2013-11-08 00:00:00+00","2013-11-06",-2,"1.97100","0.39420","5","0.07632","0101000020E61000006666662605405F400000004066642640"
"Haiyan","Tacloban - Haiyan 2013-11-08 00:00:00+00","Tacloban",230,"11",4,"2013-10-28 00:00:00+00","2013-11-08 00:00:00+00","2013-11-06",-2,"3.30115","0.66023","5","0.16297","0101000020E6100000CDCCCCACD03F5F400000006006652640"
"Haiyan","Tacloban - Haiyan 2013-11-08 00:00:00+00","Tacloban",230,"11",4,"2013-10-28 00:00:00+00","2013-11-08 00:00:00+00","2013-11-06",-2,"7.47135","2.49045","3","0.01134","0101000020E6100000000000E0AC415F4055555595E2732640"
"Haiyan","Tacloban - Haiyan 2013-11-08 00:00:00+00","Tacloban",230,"11",4,"2013-10-28 00:00:00+00","2013-11-08 00:00:00+00","2013-11-06",-2,"0.48384","0.24192","2","0.12096","0101000020E610000000000050F93F5F40000000008D7D2640"
"Haiyan","Tacloban - Haiyan 2013-11-08 00:00:00+00","Tacloban",230,"11",4,"2013-10-28 00:00:00+00","2013-11-08 00:00:00+00","2013-11-06",-2,"5.11824","2.55912","2","1.29554","0101000020E610000000000080FB3F5F400000005042742640"
"Haiyan","Tacloban - Haiyan 2013-11-08 00:00:00+00","Tacloban",230,"11",4,"2013-10-28 00:00:00+00","2013-11-08 00:00:00+00","2013-11-06",-2,"2.44111","1.22056","2","0.45433","0101000020E6100000000000A046405F4000000080CD692640"
"Haiyan","Tacloban - Haiyan 2013-11-08 00:00:00+00","Tacloban",230,"11",4,"2013-10-28 00:00:00+00","2013-11-08 00:00:00+00","2013-11-07",-1,"3.36264","0.42033","8","0.02807","0101000020E6100000000000D437405F400000004C64642640"
"Haiyan","Tacloban - Haiyan 2013-11-08 00:00:00+00","Tacloban",230,"11",4,"2013-10-28 00:00:00+00","2013-11-08 00:00:00+00","2013-11-07",-1,"3.11248","1.03749","3","0.10075","0101000020E61000005555553514405F4055555595437D2640"
"Haiyan","Tacloban - Haiyan 2013-11-08 00:00:00+00","Tacloban",230,"11",4,"2013-10-28 00:00:00+00","2013-11-08 00:00:00+00","2013-11-07",-1,"5.13484","1.71161","3","0.02246","0101000020E6100000000000C0E23F5F40555555551B6A2640"
"Haiyan","Tacloban - Haiyan 2013-11-08 00:00:00+00","Tacloban",230,"11",4,"2013-10-28 00:00:00+00","2013-11-08 00:00:00+00","2013-11-07",-1,"1.30991","0.43664","3","0.01000","0101000020E6100000000000C00E405F400000008062782640"
"Haiyan","Tacloban - Haiyan 2013-11-08 00:00:00+00","Tacloban",230,"11",4,"2013-10-28 00:00:00+00","2013-11-08 00:00:00+00","2013-11-07",-1,"1.15783","0.38594","3","0.12193","0101000020E6100000ABAAAA0A973D5F4000000000C9812640"
"Haiyan","Tacloban - Haiyan 2013-11-08 00:00:00+00","Tacloban",230,"11",4,"2013-10-28 00:00:00+00","2013-11-08 00:00:00+00","2013-11-07",-1,"2.13995","0.71332","3","0.28023","0101000020E6100000ABAAAAEA2F405F40555555F5377C2640"
"Haiyan","Tacloban - Haiyan 2013-11-08 00:00:00+00","Tacloban",230,"11",4,"2013-10-28 00:00:00+00","2013-11-08 00:00:00+00","2013-11-07",-1,"6.89398","3.44699","2","0.09860","0101000020E6100000000000E0E03E5F4000000080C3792640"
"Haiyan","Tacloban - Haiyan 2013-11-08 00:00:00+00","Tacloban",230,"11",4,"2013-10-28 00:00:00+00","2013-11-08 00:00:00+00","2013-11-07",-1,"5.08103","2.54051","2","2.47416","0101000020E610000000000060B6405F40000000508F712640"
"Haiyan","Tacloban - Haiyan 2013-11-08 00:00:00+00","Tacloban",230,"11",4,"2013-10-28 00:00:00+00","2013-11-08 00:00:00+00","2013-11-07",-1,"1.40309","0.70154","2","0.35185","0101000020E610000000000060FB3F5F40000000D08B7C2640"
"Haiyan","Tacloban - Haiyan 2013-11-08 00:00:00+00","Tacloban",230,"11",4,"2013-10-28 00:00:00+00","2013-11-08 00:00:00+00","2013-11-07",-1,"0.41983","0.20992","2","0.09418","0101000020E6100000000000B024405F40000000C0BE7B2640"
"Haiyan","Tacloban - Haiyan 2013-11-08 00:00:00+00","Tacloban",230,"11",4,"2013-10-28 00:00:00+00","2013-11-08 00:00:00+00","2013-11-07",-1,"5.42364","2.71182","2","0.47109","0101000020E610000000000050BF3F5F40000000E03A692640"
"Haiyan","Tacloban - Haiyan 2013-11-08 00:00:00+00","Tacloban",230,"11",4,"2013-10-28 00:00:00+00","2013-11-08 00:00:00+00","2013-11-07",-1,"13.54470","6.77236","2","4.72199","0101000020E6100000000000F0963F5F40000000608C682640"
"Haiyan","Tacloban - Haiyan 2013-11-08 00:00:00+00","Tacloban",230,"11",4,"2013-10-28 00:00:00+00","2013-11-08 00:00:00+00","2013-11-07",-1,"7.59966","3.79983","2","1.19792","0101000020E6100000000000F021405F40000000C02F762640"
"Haiyan","Tacloban - Haiyan 2013-11-08 00:00:00+00","Tacloban",230,"11",4,"2013-10-28 00:00:00+00","2013-11-08 00:00:00+00","2013-11-08",0,NULL,NULL,"0","0",NULL
"Haiyan","Tacloban - Haiyan 2013-11-08 00:00:00+00","Tacloban",230,"11",4,"2013-10-28 00:00:00+00","2013-11-08 00:00:00+00","2013-11-09",1,NULL,NULL,"0","0",NULL
"Haiyan","Tacloban - Haiyan 2013-11-08 00:00:00+00","Tacloban",230,"11",4,"2013-10-28 00:00:00+00","2013-11-08 00:00:00+00","2013-11-10",2,"0.07143","0.03571","2","0.01786","0101000020E6100000000000807E405F40000000309C7C2640"
"Haiyan","Tacloban - Haiyan 2013-11-08 00:00:00+00","Tacloban",230,"11",4,"2013-10-28 00:00:00+00","2013-11-08 00:00:00+00","2013-11-11",3,NULL,NULL,"0","0",NULL
"Haiyan","Tacloban - Haiyan 2013-11-08 00:00:00+00","Tacloban",230,"11",4,"2013-10-28 00:00:00+00","2013-11-08 00:00:00+00","2013-11-12",4,"3.89301","1.94650","2","0.13825","0101000020E6100000000000504E405F4000000070F97F2640"
"Haiyan","Tacloban - Haiyan 2013-11-08 00:00:00+00","Tacloban",230,"11",4,"2013-10-28 00:00:00+00","2013-11-08 00:00:00+00","2013-11-13",5,NULL,NULL,"0","0",NULL
"Haiyan","Tacloban - Haiyan 2013-11-08 00:00:00+00","Tacloban",230,"11",4,"2013-10-28 00:00:00+00","2013-11-08 00:00:00+00","2013-11-14",6,NULL,NULL,"0","0",NULL
"Haiyan","Tacloban - Haiyan 2013-11-08 00:00:00+00","Tacloban",230,"11",4,"2013-10-28 00:00:00+00","2013-11-08 00:00:00+00","2013-11-15",7,"1.48917","0.24819","6","0.04826","0101000020E61000005555557533405F40555555F5C57F2640"
"Haiyan","Tacloban - Haiyan 2013-11-08 00:00:00+00","Tacloban",230,"11",4,"2013-10-28 00:00:00+00","2013-11-08 00:00:00+00","2013-11-16",8,"1.76876","0.88438","2","0.46205","0101000020E6100000000000B06E405F40000000C0A37E2640"
"Haiyan","Tacloban - Haiyan 2013-11-08 00:00:00+00","Tacloban",230,"11",4,"2013-10-28 00:00:00+00","2013-11-08 00:00:00+00","2013-11-16",8,"4.40222","2.20111","2","0.86754","0101000020E6100000000000104E405F40000000D0E0782640"
"Haiyan","Tacloban - Haiyan 2013-11-08 00:00:00+00","Tacloban",230,"11",4,"2013-10-28 00:00:00+00","2013-11-08 00:00:00+00","2013-11-17",9,NULL,NULL,"0","0",NULL
"Haiyan","Tacloban - Haiyan 2013-11-08 00:00:00+00","Tacloban",230,"11",4,"2013-10-28 00:00:00+00","2013-11-08 00:00:00+00","2013-11-18",10,"2.62566","0.87522","3","0.24531","0101000020E6100000ABAAAAEA2C405F40555555B5F57E2640"
"Haiyan","Tacloban - Haiyan 2013-11-08 00:00:00+00","Tacloban",230,"11",4,"2013-10-28 00:00:00+00","2013-11-08 00:00:00+00","2013-11-18",10,"11.76670","5.88336","2","2.16710","0101000020E610000000000040C03E5F40000000C0697E2640"
"Haiyan","Tacloban - Haiyan 2013-11-08 00:00:00+00","Tacloban",230,"11",4,"2013-10-28 00:00:00+00","2013-11-08 00:00:00+00","2013-11-19",11,"7.08684","2.36228","3","0.86740","0101000020E6100000ABAAAACAB1405F40000000E0D1782640"
"Haiyan","Tacloban - Haiyan 2013-11-08 00:00:00+00","Tacloban",230,"11",4,"2013-10-28 00:00:00+00","2013-11-08 00:00:00+00","2013-11-20",12,"3.81328","0.95332","4","0.48874","0101000020E6100000000000E0E03F5F4000000048657C2640"
"Haiyan","Tacloban - Haiyan 2013-11-08 00:00:00+00","Tacloban",230,"11",4,"2013-10-28 00:00:00+00","2013-11-08 00:00:00+00","2013-11-20",12,"0.87084","0.21771","4","0.12588","0101000020E61000000000001831405F4000000060A37B2640"
"Haiyan","Tacloban - Haiyan 2013-11-08 00:00:00+00","Tacloban",230,"11",4,"2013-10-28 00:00:00+00","2013-11-08 00:00:00+00","2013-11-21",13,"2.02281","0.67427","3","0.31991","0101000020E6100000000000E042405F40555555F5177F2640"
"Haiyan","Tacloban - Haiyan 2013-11-08 00:00:00+00","Tacloban",230,"11",4,"2013-10-28 00:00:00+00","2013-11-08 00:00:00+00","2013-11-21",13,"2.01650","0.67217","3","0.20820","0101000020E61000005555553533405F40ABAAAA6A2E7D2640"
"Haiyan","Tacloban - Haiyan 2013-11-08 00:00:00+00","Tacloban",230,"11",4,"2013-10-28 00:00:00+00","2013-11-08 00:00:00+00","2013-11-21",13,"0.69749","0.34874","2","0.17477","0101000020E6100000000000506C405F40000000A0F07C2640"
"Haiyan","Tacloban - Haiyan 2013-11-08 00:00:00+00","Tacloban",230,"11",4,"2013-10-28 00:00:00+00","2013-11-08 00:00:00+00","2013-11-22",14,"1.64633","0.32927","5","0.18358","0101000020E6100000666666E63E405F4000000080587C2640"
"Haiyan","Tacloban - Haiyan 2013-11-08 00:00:00+00","Tacloban",230,"11",4,"2013-10-28 00:00:00+00","2013-11-08 00:00:00+00","2013-11-23",15,NULL,NULL,"0","0",NULL
