"storm","city","wind_mph","wind_kmph","label","cityimpactday","year","norm_count_total","impact_count_total","change_count_percent","norm_displacement_total_km","impact_displacement_total_km","change_displacement_total_km","change_displacement_total_degree","change_displacement_total_degree_abs","change_displacement_percent","change_displacement_percent_abs","change_step_displacement_percent","change_step_displacement_percent_abs","step_type","norm_step_count","norm_step_avg_km","norm_step_displacement_km","impact_step_count","impact_step_avg_km","change_step_avg_km","change_step_avg_km_abs","norm_step_avg_degrees","impact_step_avg_degrees","change_step_avg_degrees","change_step_avg_degrees_abs","impact_step_displacement_km","change_displacement_km","change_displacement_km_abs","change_displacement_degrees","change_displacement_degrees_abs","norm_step_count_percent","impact_step_count_percent","change_step_count_percent","change_step_count_percent_abs","norm_step_distance_proportionality","impact_step_distance_proportionality","change_step_distance_proportionality","change_step_distance_proportionality_abs"
"Michael","Tampa","40","64.37","40 - Michael - Tampa","2018-10-10","2018","1551","428","-72.0000","25702.6000","6994.1500","-18708.450000","-169.124388","169.1244","-72.7882","72.7882","-69.4971","69.4971",1,"53","0.0319","1.6923","17","0.0304","0.001500","0.001500","0.000288","0.000275","0.000014","0.000014","0.5162","-1.1761","1.176100","-0.010600","0.010600","0.03417150","0.03971963","-0.00554812","0.00554812","0.00006584","0.00007380","-0.00000796","0.00000796"
"Michael","Tampa","40","64.37","40 - Michael - Tampa","2018-10-10","2018","1551","428","-72.0000","25702.6000","6994.1500","-18708.450000","-169.124388","169.1244","-72.7882","72.7882","-78.9583","78.9583",2,"43","0.3076","13.2261","9","0.3092","-0.001600","0.001600","0.002781","0.002795","-0.000014","0.000014","2.7830","-10.4431","10.443100","-0.094400","0.094400","0.02772405","0.02102804","0.00669601","0.00669601","0.00051458","0.00039790","0.00011668","0.00011668"
"Michael","Tampa","40","64.37","40 - Michael - Tampa","2018-10-10","2018","1551","428","-72.0000","25702.6000","6994.1500","-18708.450000","-169.124388","169.1244","-72.7882","72.7882","-44.8380","44.8380",3,"26","0.7274","18.9112","13","0.8024","-0.075000","0.075000","0.006576","0.007254","-0.000678","0.000678","10.4318","-8.4794","8.479400","-0.076700","0.076700","0.01676338","0.03037383","-0.01361045","0.01361045","0.00073577","0.00149150","-0.00075573","0.00075573"
"Michael","Tampa","40","64.37","40 - Michael - Tampa","2018-10-10","2018","1551","428","-72.0000","25702.6000","6994.1500","-18708.450000","-169.124388","169.1244","-72.7882","72.7882","-68.8903","68.8903",4,"242","2.8371","686.5790","69","3.0956","-0.258500","0.258500","0.025647","0.027984","-0.002337","0.002337","213.5930","-472.9860","472.986000","-4.275800","4.275800","0.15602837","0.16121495","-0.00518658","0.00518658","0.02671243","0.03053881","-0.00382637","0.00382637"
"Michael","Tampa","40","64.37","40 - Michael - Tampa","2018-10-10","2018","1551","428","-72.0000","25702.6000","6994.1500","-18708.450000","-169.124388","169.1244","-72.7882","72.7882","-70.7423","70.7423",5,"256","7.3559","1883.1000","74","7.4453","-0.089400","0.089400","0.066497","0.067306","-0.000808","0.000808","550.9520","-1332.1480","1332.148000","-12.042600","12.042600","0.16505480","0.17289720","-0.00784239","0.00784239","0.07326496","0.07877326","-0.00550830","0.00550830"
"Michael","Tampa","40","64.37","40 - Michael - Tampa","2018-10-10","2018","1551","428","-72.0000","25702.6000","6994.1500","-18708.450000","-169.124388","169.1244","-72.7882","72.7882","-73.0904","73.0904",6,"931","24.8111","23099.1000","246","25.2678","-0.456700","0.456700","0.224292","0.228421","-0.004129","0.004129","6215.8800","-16883.2200","16883.220000","-152.624500","152.624500","0.60025790","0.57476636","0.02549154","0.02549154","0.89870675","0.88872558","0.00998117","0.00998117"
"Rammasun","Manila","40","64.37","40 - Rammasun - Manila","2014-07-16","2014","40203","14256","-64.0000","10561.8000","2536.9200","-8024.880000","-72.544915","72.5449","-75.9802","75.9802","-57.8823","57.8823",1,"31235","0.0130","407.0470","11054","0.0155","-0.002500","0.002500","0.000118","0.000140","-0.000023","0.000023","171.4390","-235.6080","235.608000","-2.129900","2.129900","0.77693207","0.77539282","0.00153925","0.00153925","0.03853955","0.06757761","-0.02903807","0.02903807"
"Rammasun","Manila","40","64.37","40 - Rammasun - Manila","2014-07-16","2014","40203","14256","-64.0000","10561.8000","2536.9200","-8024.880000","-72.544915","72.5449","-75.9802","75.9802","-55.6402","55.6402",2,"4925","0.2478","1220.2300","2209","0.2450","0.002800","0.002800","0.002240","0.002215","0.000025","0.000025","541.2910","-678.9390","678.939000","-6.137600","6.137600","0.12250330","0.15495230","-0.03244901","0.03244901","0.11553239","0.21336542","-0.09783303","0.09783303"
"Rammasun","Manila","40","64.37","40 - Rammasun - Manila","2014-07-16","2014","40203","14256","-64.0000","10561.8000","2536.9200","-8024.880000","-72.544915","72.5449","-75.9802","75.9802","-66.2548","66.2548",3,"1271","0.7024","892.7140","432","0.6973","0.005100","0.005100","0.006350","0.006304","0.000046","0.000046","301.2480","-591.4660","591.466000","-5.346900","5.346900","0.03161456","0.03030303","0.00131153","0.00131153","0.08452290","0.11874557","-0.03422266","0.03422266"
"Rammasun","Manila","40","64.37","40 - Rammasun - Manila","2014-07-16","2014","40203","14256","-64.0000","10561.8000","2536.9200","-8024.880000","-72.544915","72.5449","-75.9802","75.9802","-80.7459","80.7459",4,"2433","2.4223","5893.3900","504","2.2514","0.170900","0.170900","0.021898","0.020353","0.001545","0.001545","1134.7200","-4758.6700","4758.670000","-43.018400","43.018400","0.06051787","0.03535354","0.02516434","0.02516434","0.55799106","0.44728253","0.11070853","0.11070853"
"Rammasun","Manila","40","64.37","40 - Rammasun - Manila","2014-07-16","2014","40203","14256","-64.0000","10561.8000","2536.9200","-8024.880000","-72.544915","72.5449","-75.9802","75.9802","-82.7262","82.7262",5,"337","6.3150","2128.1700","55","6.6839","-0.368900","0.368900","0.057088","0.060422","-0.003335","0.003335","367.6150","-1760.5550","1760.555000","-15.915400","15.915400","0.00838246","0.00385802","0.00452443","0.00452443","0.20149690","0.14490603","0.05659088","0.05659088"
"Rammasun","Manila","40","64.37","40 - Rammasun - Manila","2014-07-16","2014","40203","14256","-64.0000","10561.8000","2536.9200","-8024.880000","-72.544915","72.5449","-75.9802","75.9802","1.7522","1.7522",6,"2","10.1273","20.2546","2","10.3047","-0.177400","0.177400","0.091551","0.093154","-0.001604","0.001604","20.6095","0.3549","0.354900","0.003200","0.003200","0.00004975","0.00014029","-0.00009054","0.00009054","0.00191772","0.00812383","-0.00620610","0.00620610"
"Lan","Tokyo","55","88.51","55 - Lan - Tokyo","2017-10-23","2017","57718","11303","-80.0000","462060.0000","91848.9000","-370211.100000","-3346.708344","3346.7083","-80.1219","80.1219","-81.1969","81.1969",1,"6315","0.0432","272.8110","1281","0.0400","0.003200","0.003200","0.000391","0.000362","0.000029","0.000029","51.2968","-221.5142","221.514200","-2.002500","2.002500","0.10941128","0.11333274","-0.00392147","0.00392147","0.00059042","0.00055849","0.00003193","0.00003193"
"Lan","Tokyo","55","88.51","55 - Lan - Tokyo","2017-10-23","2017","57718","11303","-80.0000","462060.0000","91848.9000","-370211.100000","-3346.708344","3346.7083","-80.1219","80.1219","-82.3425","82.3425",2,"10316","0.2595","2677.5100","1806","0.2618","-0.002300","0.002300","0.002346","0.002367","-0.000021","0.000021","472.7810","-2204.7290","2204.729000","-19.930700","19.930700","0.17873107","0.15978059","0.01895048","0.01895048","0.00579472","0.00514738","0.00064735","0.00064735"
"Lan","Tokyo","55","88.51","55 - Lan - Tokyo","2017-10-23","2017","57718","11303","-80.0000","462060.0000","91848.9000","-370211.100000","-3346.708344","3346.7083","-80.1219","80.1219","-82.6903","82.6903",3,"4093","0.7181","2939.2500","711","0.7156","0.002500","0.002500","0.006492","0.006469","0.000023","0.000023","508.7740","-2430.4760","2430.476000","-21.971500","21.971500","0.07091375","0.06290365","0.00801010","0.00801010","0.00636119","0.00553925","0.00082194","0.00082194"
"Lan","Tokyo","55","88.51","55 - Lan - Tokyo","2017-10-23","2017","57718","11303","-80.0000","462060.0000","91848.9000","-370211.100000","-3346.708344","3346.7083","-80.1219","80.1219","-79.8314","79.8314",4,"12647","2.7184","34379.0000","2543","2.7266","-0.008200","0.008200","0.024574","0.024648","-0.000074","0.000074","6933.7800","-27445.2200","27445.220000","-248.104500","248.104500","0.21911709","0.22498452","-0.00586743","0.00586743","0.07440376","0.07549116","-0.00108740","0.00108740"
"Lan","Tokyo","55","88.51","55 - Lan - Tokyo","2017-10-23","2017","57718","11303","-80.0000","462060.0000","91848.9000","-370211.100000","-3346.708344","3346.7083","-80.1219","80.1219","-79.3549","79.3549",5,"8943","7.1963","64356.2000","1848","7.1896","0.006700","0.006700","0.065055","0.064994","0.000061","0.000061","13286.4000","-51069.8000","51069.800000","-461.670800","461.670800","0.15494300","0.16349642","-0.00855342","0.00855342","0.13928105","0.14465497","-0.00537393","0.00537393"
"Lan","Tokyo","55","88.51","55 - Lan - Tokyo","2017-10-23","2017","57718","11303","-80.0000","462060.0000","91848.9000","-370211.100000","-3346.708344","3346.7083","-80.1219","80.1219","-80.2493","80.2493",6,"15404","23.2041","357435.0000","3114","22.6705","0.533600","0.533600","0.209765","0.204941","0.004824","0.004824","70596.0000","-286839.0000","286839.000000","-2593.028800","2593.028800","0.26688381","0.27550208","-0.00861826","0.00861826","0.77356837","0.76861018","0.00495818","0.00495818"
"Irma","Tampa","70","112.65","70 - Irma - Tampa","2017-09-11","2017","2097","513","-75.0000","38154.2000","8838.4500","-29315.750000","-265.014380","265.0144","-76.8349","76.8349","-80.9997","80.9997",1,"122","0.0200","2.4368","15","0.0309","-0.010900","0.010900","0.000181","0.000279","-0.000099","0.000099","0.4630","-1.9738","1.973800","-0.017800","0.017800","0.05817835","0.02923977","0.02893858","0.02893858","0.00006387","0.00005238","0.00001148","0.00001148"
"Irma","Tampa","70","112.65","70 - Irma - Tampa","2017-09-11","2017","2097","513","-75.0000","38154.2000","8838.4500","-29315.750000","-265.014380","265.0144","-76.8349","76.8349","-75.5747","75.5747",2,"48","0.3074","14.7552","15","0.2403","0.067100","0.067100","0.002779","0.002172","0.000607","0.000607","3.6040","-11.1512","11.151200","-0.100800","0.100800","0.02288984","0.02923977","-0.00634992","0.00634992","0.00038673","0.00040776","-0.00002104","0.00002104"
"Irma","Tampa","70","112.65","70 - Irma - Tampa","2017-09-11","2017","2097","513","-75.0000","38154.2000","8838.4500","-29315.750000","-265.014380","265.0144","-76.8349","76.8349","-52.8912","52.8912",3,"29","0.6784","19.6738","12","0.7723","-0.093900","0.093900","0.006133","0.006982","-0.000849","0.000849","9.2681","-10.4057","10.405700","-0.094100","0.094100","0.01382928","0.02339181","-0.00956253","0.00956253","0.00051564","0.00104861","-0.00053297","0.00053297"
"Irma","Tampa","70","112.65","70 - Irma - Tampa","2017-09-11","2017","2097","513","-75.0000","38154.2000","8838.4500","-29315.750000","-265.014380","265.0144","-76.8349","76.8349","-77.5271","77.5271",4,"267","3.0296","808.9020","60","3.0297","-0.000100","0.000100","0.027388","0.027388","-0.000001","0.000001","181.7840","-627.1180","627.118000","-5.669100","5.669100","0.12732475","0.11695906","0.01036569","0.01036569","0.02120086","0.02056741","0.00063346","0.00063346"
"Irma","Tampa","70","112.65","70 - Irma - Tampa","2017-09-11","2017","2097","513","-75.0000","38154.2000","8838.4500","-29315.750000","-265.014380","265.0144","-76.8349","76.8349","-80.6031","80.6031",5,"295","7.4092","2185.7000","57","7.4379","-0.028700","0.028700","0.066979","0.067239","-0.000259","0.000259","423.9590","-1761.7410","1761.741000","-15.926200","15.926200","0.14067716","0.11111111","0.02956605","0.02956605","0.05728596","0.04796757","0.00931839","0.00931839"
"Irma","Tampa","70","112.65","70 - Irma - Tampa","2017-09-11","2017","2097","513","-75.0000","38154.2000","8838.4500","-29315.750000","-265.014380","265.0144","-76.8349","76.8349","-76.5982","76.5982",6,"1336","26.2895","35122.8000","354","23.2186","3.070900","3.070900","0.237657","0.209896","0.027761","0.027761","8219.3700","-26903.4300","26903.430000","-243.206600","243.206600","0.63710062","0.69005848","-0.05295786","0.05295786","0.92054872","0.92995604","-0.00940732","0.00940732"
"Maria","San Juan","70","112.65","70 - Maria - San Juan","2017-09-20","2017","255","86","-66.0000","1984.8900","556.6070","-1428.283000","-12.911678","12.9117","-71.9578","71.9578","20.5765","20.5765",1,"11","0.0274","0.3018","8","0.0455","-0.018100","0.018100","0.000248","0.000411","-0.000164","0.000164","0.3639","0.0621","0.062100","0.000600","0.000600","0.04313725","0.09302326","-0.04988600","0.04988600","0.00015205","0.00065378","-0.00050173","0.00050173"
"Maria","San Juan","70","112.65","70 - Maria - San Juan","2017-09-20","2017","255","86","-66.0000","1984.8900","556.6070","-1428.283000","-12.911678","12.9117","-71.9578","71.9578","-14.6636","14.6636",2,"10","0.3463","3.4630","10","0.2955","0.050800","0.050800","0.003131","0.002671","0.000459","0.000459","2.9552","-0.5078","0.507800","-0.004600","0.004600","0.03921569","0.11627907","-0.07706338","0.07706338","0.00174468","0.00530931","-0.00356463","0.00356463"
"Maria","San Juan","70","112.65","70 - Maria - San Juan","2017-09-20","2017","255","86","-66.0000","1984.8900","556.6070","-1428.283000","-12.911678","12.9117","-71.9578","71.9578","-58.7868","58.7868",3,"8","0.6699","5.3592","3","0.7362","-0.066300","0.066300","0.006056","0.006655","-0.000599","0.000599","2.2087","-3.1505","3.150500","-0.028500","0.028500","0.03137255","0.03488372","-0.00351117","0.00351117","0.00270000","0.00396815","-0.00126815","0.00126815"
"Maria","San Juan","70","112.65","70 - Maria - San Juan","2017-09-20","2017","255","86","-66.0000","1984.8900","556.6070","-1428.283000","-12.911678","12.9117","-71.9578","71.9578","-77.3432","77.3432",4,"68","2.8007","190.4490","19","2.2710","0.529700","0.529700","0.025318","0.020530","0.004788","0.004788","43.1497","-147.2993","147.299300","-1.331600","1.331600","0.26666667","0.22093023","0.04573643","0.04573643","0.09594940","0.07752274","0.01842666","0.01842666"
"Maria","San Juan","70","112.65","70 - Maria - San Juan","2017-09-20","2017","255","86","-66.0000","1984.8900","556.6070","-1428.283000","-12.911678","12.9117","-71.9578","71.9578","-75.4359","75.4359",5,"78","6.7972","530.1800","19","6.8544","-0.057200","0.057200","0.061447","0.061964","-0.000517","0.000517","130.2340","-399.9460","399.946000","-3.615500","3.615500","0.30588235","0.22093023","0.08495212","0.08495212","0.26710800","0.23397837","0.03312963","0.03312963"
"Maria","San Juan","70","112.65","70 - Maria - San Juan","2017-09-20","2017","255","86","-66.0000","1984.8900","556.6070","-1428.283000","-12.911678","12.9117","-71.9578","71.9578","-69.9081","69.9081",6,"80","15.6893","1255.1400","27","13.9887","1.700600","1.700600","0.141831","0.126458","0.015373","0.015373","377.6960","-877.4440","877.444000","-7.932100","7.932100","0.31372549","0.31395349","-0.00022800","0.00022800","0.63234738","0.67856854","-0.04622116","0.04622116"
"Kalmaegi","Calasiao","85","136.79","85 - Kalmaegi - Calasiao","2014-09-14","2014","2053","162","-92.0000","1699.8200","119.5340","-1580.286000","-14.285785","14.2858","-92.9678","92.9678","-94.4758","94.4758",1,"1259","0.0167","21.0746","89","0.0131","0.003600","0.003600","0.000151","0.000118","0.000033","0.000033","1.1642","-19.9104","19.910400","-0.180000","0.180000","0.61324890","0.54938272","0.06386619","0.06386619","0.01239814","0.00973949","0.00265865","0.00265865"
"Kalmaegi","Calasiao","85","136.79","85 - Kalmaegi - Calasiao","2014-09-14","2014","2053","162","-92.0000","1699.8200","119.5340","-1580.286000","-14.285785","14.2858","-92.9678","92.9678","-89.2461","89.2461",2,"288","0.2501","72.0316","24","0.3228","-0.072700","0.072700","0.002261","0.002918","-0.000657","0.000657","7.7462","-64.2854","64.285400","-0.581100","0.581100","0.14028251","0.14814815","-0.00786563","0.00786563","0.04237602","0.06480332","-0.02242730","0.02242730"
"Kalmaegi","Calasiao","85","136.79","85 - Kalmaegi - Calasiao","2014-09-14","2014","2053","162","-92.0000","1699.8200","119.5340","-1580.286000","-14.285785","14.2858","-92.9678","92.9678","-90.3690","90.3690",3,"152","0.7656","116.3660","15","0.7471","0.018500","0.018500","0.006921","0.006754","0.000167","0.000167","11.2072","-105.1588","105.158800","-0.950600","0.950600","0.07403799","0.09259259","-0.01855460","0.01855460","0.06845784","0.09375742","-0.02529959","0.02529959"
"Kalmaegi","Calasiao","85","136.79","85 - Kalmaegi - Calasiao","2014-09-14","2014","2053","162","-92.0000","1699.8200","119.5340","-1580.286000","-14.285785","14.2858","-92.9678","92.9678","-88.1181","88.1181",4,"253","2.1463","543.0220","29","2.2249","-0.078600","0.078600","0.019403","0.020113","-0.000711","0.000711","64.5211","-478.5009","478.500900","-4.325600","4.325600","0.12323429","0.17901235","-0.05577805","0.05577805","0.31945853","0.53977195","-0.22031342","0.22031342"
"Kalmaegi","Calasiao","85","136.79","85 - Kalmaegi - Calasiao","2014-09-14","2014","2053","162","-92.0000","1699.8200","119.5340","-1580.286000","-14.285785","14.2858","-92.9678","92.9678","-94.7405","94.7405",5,"62","7.2636","450.3450","4","5.9215","1.342100","1.342100","0.065663","0.053530","0.012133","0.012133","23.6860","-426.6590","426.659000","-3.857000","3.857000","0.03019971","0.02469136","0.00550835","0.00550835","0.26493688","0.19815283","0.06678405","0.06678405"
"Kalmaegi","Calasiao","85","136.79","85 - Kalmaegi - Calasiao","2014-09-14","2014","2053","162","-92.0000","1699.8200","119.5340","-1580.286000","-14.285785","14.2858","-92.9678","92.9678","-97.7446","97.7446",6,"39","12.7431","496.9800","1","11.2090","1.534100","1.534100","0.115198","0.101329","0.013868","0.013868","11.2090","-485.7710","485.771000","-4.391400","4.391400","0.01899659","0.00617284","0.01282375","0.01282375","0.29237213","0.09377248","0.19859965","0.19859965"
"Lan","Hamamatsu","90","144.84","90 - Lan - Hamamatsu","2017-10-23","2017","1129","229","-79.0000","10683.6000","2141.9300","-8541.670000","-77.216697","77.2167","-79.9512","79.9512","-84.1912","84.1912",1,"141","0.0424","5.9840","27","0.0350","0.007400","0.007400","0.000383","0.000316","0.000067","0.000067","0.9460","-5.0380","5.038000","-0.045500","0.045500","0.12488928","0.11790393","0.00698535","0.00698535","0.00056011","0.00044166","0.00011845","0.00011845"
"Lan","Hamamatsu","90","144.84","90 - Lan - Hamamatsu","2017-10-23","2017","1129","229","-79.0000","10683.6000","2141.9300","-8541.670000","-77.216697","77.2167","-79.9512","79.9512","-84.7033","84.7033",2,"133","0.2666","35.4612","20","0.2712","-0.004600","0.004600","0.002410","0.002452","-0.000042","0.000042","5.4244","-30.0368","30.036800","-0.271500","0.271500","0.11780337","0.08733624","0.03046712","0.03046712","0.00331922","0.00253248","0.00078674","0.00078674"
"Lan","Hamamatsu","90","144.84","90 - Lan - Hamamatsu","2017-10-23","2017","1129","229","-79.0000","10683.6000","2141.9300","-8541.670000","-77.216697","77.2167","-79.9512","79.9512","-73.8352","73.8352",3,"68","0.7367","50.0941","17","0.7710","-0.034300","0.034300","0.006660","0.006970","-0.000310","0.000310","13.1070","-36.9871","36.987100","-0.334400","0.334400","0.06023029","0.07423581","-0.01400552","0.01400552","0.00468888","0.00611925","-0.00143037","0.00143037"
"Lan","Hamamatsu","90","144.84","90 - Lan - Hamamatsu","2017-10-23","2017","1129","229","-79.0000","10683.6000","2141.9300","-8541.670000","-77.216697","77.2167","-79.9512","79.9512","-77.9598","77.9598",4,"265","2.7778","736.1280","64","2.5351","0.242700","0.242700","0.025111","0.022917","0.002194","0.002194","162.2440","-573.8840","573.884000","-5.187900","5.187900","0.23472099","0.27947598","-0.04475499","0.04475499","0.06890262","0.07574664","-0.00684402","0.00684402"
"Lan","Hamamatsu","90","144.84","90 - Lan - Hamamatsu","2017-10-23","2017","1129","229","-79.0000","10683.6000","2141.9300","-8541.670000","-77.216697","77.2167","-79.9512","79.9512","-84.9096","84.9096",5,"188","7.0749","1330.0900","27","7.4339","-0.359000","0.359000","0.063957","0.067202","-0.003245","0.003245","200.7160","-1129.3740","1129.374000","-10.209500","10.209500","0.16651904","0.11790393","0.04861511","0.04861511","0.12449830","0.09370801","0.03079029","0.03079029"
"Lan","Hamamatsu","90","144.84","90 - Lan - Hamamatsu","2017-10-23","2017","1129","229","-79.0000","10683.6000","2141.9300","-8541.670000","-77.216697","77.2167","-79.9512","79.9512","-79.3630","79.3630",6,"334","25.5266","8525.8900","74","23.7769","1.749700","1.749700","0.230760","0.214943","0.015817","0.015817","1759.4900","-6766.4000","6766.400000","-61.168200","61.168200","0.29583702","0.32314410","-0.02730708","0.02730708","0.79803531","0.82145075","-0.02341544","0.02341544"
"Phanfone","Hamamatsu14","90","144.84","90 - Phanfone - Hamamatsu14","2014-10-06","2014","15188","6154","-59.0000","36761.2000","7001.6300","-29759.570000","-269.026513","269.0265","-80.9538","80.9538","-50.1743","50.1743",1,"8363","0.0166","138.5900","4319","0.0160","0.000600","0.000600","0.000150","0.000145","0.000005","0.000005","69.0535","-69.5365","69.536500","-0.628600","0.628600","0.55063208","0.70181995","-0.15118788","0.15118788","0.00377001","0.00986249","-0.00609248","0.00609248"
"Phanfone","Hamamatsu14","90","144.84","90 - Phanfone - Hamamatsu14","2014-10-06","2014","15188","6154","-59.0000","36761.2000","7001.6300","-29759.570000","-269.026513","269.0265","-80.9538","80.9538","-64.0931","64.0931",2,"1584","0.2678","424.1610","610","0.2497","0.018100","0.018100","0.002421","0.002257","0.000164","0.000164","152.3030","-271.8580","271.858000","-2.457600","2.457600","0.10429286","0.09912252","0.00517034","0.00517034","0.01153828","0.02175251","-0.01021423","0.01021423"
"Phanfone","Hamamatsu14","90","144.84","90 - Phanfone - Hamamatsu14","2014-10-06","2014","15188","6154","-59.0000","36761.2000","7001.6300","-29759.570000","-269.026513","269.0265","-80.9538","80.9538","-67.5346","67.5346",3,"855","0.7281","622.5490","283","0.7142","0.013900","0.013900","0.006582","0.006456","0.000126","0.000126","202.1130","-420.4360","420.436000","-3.800700","3.800700","0.05629444","0.04598635","0.01030809","0.01030809","0.01693495","0.02886656","-0.01193162","0.01193162"
"Phanfone","Hamamatsu14","90","144.84","90 - Phanfone - Hamamatsu14","2014-10-06","2014","15188","6154","-59.0000","36761.2000","7001.6300","-29759.570000","-269.026513","269.0265","-80.9538","80.9538","-76.3718","76.3718",4,"2263","2.5739","5824.6400","580","2.3729","0.201000","0.201000","0.023268","0.021451","0.001817","0.001817","1376.2600","-4448.3800","4448.380000","-40.213400","40.213400","0.14899921","0.09424764","0.05475157","0.05475157","0.15844532","0.19656280","-0.03811748","0.03811748"
"Phanfone","Hamamatsu14","90","144.84","90 - Phanfone - Hamamatsu14","2014-10-06","2014","15188","6154","-59.0000","36761.2000","7001.6300","-29759.570000","-269.026513","269.0265","-80.9538","80.9538","-83.4463","83.4463",5,"1049","7.1165","7465.2400","176","7.0214","0.095100","0.095100","0.064333","0.063473","0.000860","0.000860","1235.7700","-6229.4700","6229.470000","-56.314400","56.314400","0.06906769","0.02859929","0.04046840","0.04046840","0.20307389","0.17649747","0.02657642","0.02657642"
"Phanfone","Hamamatsu14","90","144.84","90 - Phanfone - Hamamatsu14","2014-10-06","2014","15188","6154","-59.0000","36761.2000","7001.6300","-29759.570000","-269.026513","269.0265","-80.9538","80.9538","-82.2035","82.2035",6,"1074","20.7504","22286.0000","186","21.3232","-0.572800","0.572800","0.187584","0.192762","-0.005178","0.005178","3966.1200","-18319.8800","18319.880000","-165.611400","165.611400","0.07071372","0.03022424","0.04048948","0.04048948","0.60623701","0.56645667","0.03978034","0.03978034"
"Meranti","Taipei","95","152.89","95 - Meranti - Taipei","2016-09-14","2016","855","241","-71.0000","6926.0300","2055.8900","-4870.140000","-44.026066","44.0261","-70.3165","70.3165","-80.2127","80.2127",1,"92","0.0416","3.8272","29","0.0261","0.015500","0.015500","0.000376","0.000236","0.000140","0.000140","0.7573","-3.0699","3.069900","-0.027800","0.027800","0.10760234","0.12033195","-0.01272961","0.01272961","0.00055258","0.00036836","0.00018423","0.00018423"
"Meranti","Taipei","95","152.89","95 - Meranti - Taipei","2016-09-14","2016","855","241","-71.0000","6926.0300","2055.8900","-4870.140000","-44.026066","44.0261","-70.3165","70.3165","-80.5134","80.5134",2,"101","0.2616","26.4213","20","0.2574","0.004200","0.004200","0.002365","0.002327","0.000038","0.000038","5.1486","-21.2727","21.272700","-0.192300","0.192300","0.11812865","0.08298755","0.03514110","0.03514110","0.00381478","0.00250432","0.00131047","0.00131047"
"Meranti","Taipei","95","152.89","95 - Meranti - Taipei","2016-09-14","2016","855","241","-71.0000","6926.0300","2055.8900","-4870.140000","-44.026066","44.0261","-70.3165","70.3165","-68.0859","68.0859",3,"43","0.7155","30.7679","15","0.6546","0.060900","0.060900","0.006468","0.005918","0.000551","0.000551","9.8193","-20.9486","20.948600","-0.189400","0.189400","0.05029240","0.06224066","-0.01194827","0.01194827","0.00444236","0.00477618","-0.00033382","0.00033382"
"Meranti","Taipei","95","152.89","95 - Meranti - Taipei","2016-09-14","2016","855","241","-71.0000","6926.0300","2055.8900","-4870.140000","-44.026066","44.0261","-70.3165","70.3165","-67.8621","67.8621",4,"243","2.7815","675.9160","78","2.7849","-0.003400","0.003400","0.025145","0.025175","-0.000031","0.000031","217.2250","-458.6910","458.691000","-4.146600","4.146600","0.28421053","0.32365145","-0.03944093","0.03944093","0.09759068","0.10565984","-0.00806915","0.00806915"
"Meranti","Taipei","95","152.89","95 - Meranti - Taipei","2016-09-14","2016","855","241","-71.0000","6926.0300","2055.8900","-4870.140000","-44.026066","44.0261","-70.3165","70.3165","-73.1611","73.1611",5,"159","7.0280","1117.4500","43","6.9747","0.053300","0.053300","0.063533","0.063051","0.000482","0.000482","299.9110","-817.5390","817.539000","-7.390600","7.390600","0.18596491","0.17842324","0.00754168","0.00754168","0.16134062","0.14587891","0.01546171","0.01546171"
"Meranti","Taipei","95","152.89","95 - Meranti - Taipei","2016-09-14","2016","855","241","-71.0000","6926.0300","2055.8900","-4870.140000","-44.026066","44.0261","-70.3165","70.3165","-69.9697","69.9697",6,"217","23.3716","5071.6400","56","27.1970","-3.825400","3.825400","0.211279","0.245861","-0.034582","0.034582","1523.0300","-3548.6100","3548.610000","-32.079400","32.079400","0.25380117","0.23236515","0.02143602","0.02143602","0.73225787","0.74081298","-0.00855511","0.00855511"
"Harvey","Houston","100","160.93","100 - Harvey - Houston","2017-08-25","2017","5744","1177","-79.0000","102623.0000","21320.4000","-81302.600000","-734.975504","734.9755","-79.2245","79.2245","-66.1891","66.1891",1,"140","0.0275","3.8458","41","0.0317","-0.004200","0.004200","0.000249","0.000287","-0.000038","0.000038","1.3003","-2.5455","2.545500","-0.023000","0.023000","0.02437326","0.03483432","-0.01046107","0.01046107","0.00003748","0.00006099","-0.00002351","0.00002351"
"Harvey","Houston","100","160.93","100 - Harvey - Houston","2017-08-25","2017","5744","1177","-79.0000","102623.0000","21320.4000","-81302.600000","-734.975504","734.9755","-79.2245","79.2245","-72.8467","72.8467",2,"191","0.2377","45.4037","53","0.2326","0.005100","0.005100","0.002149","0.002103","0.000046","0.000046","12.3286","-33.0751","33.075100","-0.299000","0.299000","0.03325209","0.04502974","-0.01177765","0.01177765","0.00044243","0.00057825","-0.00013582","0.00013582"
"Harvey","Houston","100","160.93","100 - Harvey - Houston","2017-08-25","2017","5744","1177","-79.0000","102623.0000","21320.4000","-81302.600000","-734.975504","734.9755","-79.2245","79.2245","-73.4481","73.4481",3,"167","0.7244","120.9740","44","0.7300","-0.005600","0.005600","0.006549","0.006599","-0.000051","0.000051","32.1209","-88.8531","88.853100","-0.803200","0.803200","0.02907382","0.03738318","-0.00830936","0.00830936","0.00117882","0.00150658","-0.00032776","0.00032776"
"Harvey","Houston","100","160.93","100 - Harvey - Houston","2017-08-25","2017","5744","1177","-79.0000","102623.0000","21320.4000","-81302.600000","-734.975504","734.9755","-79.2245","79.2245","-79.7099","79.7099",4,"675","2.7787","1875.6500","150","2.5371","0.241600","0.241600","0.025119","0.022935","0.002184","0.002184","380.5720","-1495.0780","1495.078000","-13.515500","13.515500","0.11751393","0.12744265","-0.00992872","0.00992872","0.01827709","0.01785013","0.00042696","0.00042696"
"Harvey","Houston","100","160.93","100 - Harvey - Houston","2017-08-25","2017","5744","1177","-79.0000","102623.0000","21320.4000","-81302.600000","-734.975504","734.9755","-79.2245","79.2245","-83.1203","83.1203",5,"1113","7.6352","8498.0000","191","7.5101","0.125100","0.125100","0.069022","0.067891","0.001131","0.001131","1434.4400","-7063.5600","7063.560000","-63.854600","63.854600","0.19376741","0.16227698","0.03149043","0.03149043","0.08280795","0.06728016","0.01552778","0.01552778"
"Harvey","Houston","100","160.93","100 - Harvey - Houston","2017-08-25","2017","5744","1177","-79.0000","102623.0000","21320.4000","-81302.600000","-734.975504","734.9755","-79.2245","79.2245","-78.8664","78.8664",6,"3458","26.6280","92079.5000","698","27.8792","-1.251200","1.251200","0.240717","0.252028","-0.011311","0.011311","19459.7000","-72619.8000","72619.800000","-656.483300","656.483300","0.60201950","0.59303314","0.00898636","0.00898636","0.89725987","0.91272678","-0.01546690","0.01546690"
"Matthew","Jacksonville","115","185.07","115 - Matthew - Jacksonville","2016-10-07","2016","442","253","-42.0000","6354.8900","4015.1000","-2339.790000","-21.151702","21.1517","-36.8187","36.8187","-6.0997","6.0997",1,"24","0.0258","0.6197","26","0.0224","0.003400","0.003400","0.000233","0.000202","0.000031","0.000031","0.5819","-0.0378","0.037800","-0.000300","0.000300","0.05429864","0.10276680","-0.04846816","0.04846816","0.00009752","0.00014493","-0.00004741","0.00004741"
"Matthew","Jacksonville","115","185.07","115 - Matthew - Jacksonville","2016-10-07","2016","442","253","-42.0000","6354.8900","4015.1000","-2339.790000","-21.151702","21.1517","-36.8187","36.8187","-64.6547","64.6547",2,"15","0.2591","3.8868","5","0.2748","-0.015700","0.015700","0.002342","0.002484","-0.000142","0.000142","1.3738","-2.5130","2.513000","-0.022700","0.022700","0.03393665","0.01976285","0.01417381","0.01417381","0.00061162","0.00034216","0.00026947","0.00026947"
"Matthew","Jacksonville","115","185.07","115 - Matthew - Jacksonville","2016-10-07","2016","442","253","-42.0000","6354.8900","4015.1000","-2339.790000","-21.151702","21.1517","-36.8187","36.8187","1.3226","1.3226",3,"10","0.6374","6.3738","8","0.8073","-0.169900","0.169900","0.005762","0.007298","-0.001536","0.001536","6.4581","0.0843","0.084300","0.000800","0.000800","0.02262443","0.03162055","-0.00899612","0.00899612","0.00100298","0.00160845","-0.00060548","0.00060548"
"Matthew","Jacksonville","115","185.07","115 - Matthew - Jacksonville","2016-10-07","2016","442","253","-42.0000","6354.8900","4015.1000","-2339.790000","-21.151702","21.1517","-36.8187","36.8187","-37.6094","37.6094",4,"50","3.2738","163.6880","33","3.0947","0.179100","0.179100","0.029595","0.027976","0.001619","0.001619","102.1260","-61.5620","61.562000","-0.556500","0.556500","0.11312217","0.13043478","-0.01731261","0.01731261","0.02575780","0.02543548","0.00032232","0.00032232"
"Matthew","Jacksonville","115","185.07","115 - Matthew - Jacksonville","2016-10-07","2016","442","253","-42.0000","6354.8900","4015.1000","-2339.790000","-21.151702","21.1517","-36.8187","36.8187","-61.4301","61.4301",5,"78","7.5534","589.1660","31","7.3303","0.223100","0.223100","0.068283","0.066266","0.002017","0.002017","227.2410","-361.9250","361.925000","-3.271800","3.271800","0.17647059","0.12252964","0.05394094","0.05394094","0.09271065","0.05659660","0.03611405","0.03611405"
"Matthew","Jacksonville","115","185.07","115 - Matthew - Jacksonville","2016-10-07","2016","442","253","-42.0000","6354.8900","4015.1000","-2339.790000","-21.151702","21.1517","-36.8187","36.8187","-34.2296","34.2296",6,"265","21.0987","5591.1500","150","24.5155","-3.416800","3.416800","0.190732","0.221620","-0.030888","0.030888","3677.3200","-1913.8300","1913.830000","-17.301100","17.301100","0.59954751","0.59288538","0.00666214","0.00666214","0.87981853","0.91587258","-0.03605405","0.03605405"
"Rammasun","Antipolo","115","185.07","115 - Rammasun - Antipolo","2014-07-16","2014","86294","26644","-69.0000","65543.8000","17060.7000","-48483.100000","-438.287224","438.2872","-73.9705","73.9705","-65.3863","65.3863",1,"60128","0.0129","777.6930","17655","0.0152","-0.002300","0.002300","0.000117","0.000137","-0.000021","0.000021","269.1880","-508.5050","508.505000","-4.596900","4.596900","0.69678077","0.66262573","0.03415504","0.03415504","0.01186524","0.01577825","-0.00391301","0.00391301"
"Rammasun","Antipolo","115","185.07","115 - Rammasun - Antipolo","2014-07-16","2014","86294","26644","-69.0000","65543.8000","17060.7000","-48483.100000","-438.287224","438.2872","-73.9705","73.9705","-56.2407","56.2407",2,"10357","0.2545","2636.1700","4531","0.2546","-0.000100","0.000100","0.002301","0.002302","-0.000001","0.000001","1153.5700","-1482.6000","1482.600000","-13.402700","13.402700","0.12001993","0.17005705","-0.05003712","0.05003712","0.04021998","0.06761563","-0.02739566","0.02739566"
"Rammasun","Antipolo","115","185.07","115 - Rammasun - Antipolo","2014-07-16","2014","86294","26644","-69.0000","65543.8000","17060.7000","-48483.100000","-438.287224","438.2872","-73.9705","73.9705","-64.2464","64.2464",3,"3667","0.7064","2590.3400","1320","0.7016","0.004800","0.004800","0.006386","0.006342","0.000043","0.000043","926.1390","-1664.2010","1664.201000","-15.044300","15.044300","0.04249426","0.04954211","-0.00704785","0.00704785","0.03952075","0.05428494","-0.01476419","0.01476419"
"Rammasun","Antipolo","115","185.07","115 - Rammasun - Antipolo","2014-07-16","2014","86294","26644","-69.0000","65543.8000","17060.7000","-48483.100000","-438.287224","438.2872","-73.9705","73.9705","-73.3669","73.3669",4,"7562","2.5653","19398.9000","2038","2.5351","0.030200","0.030200","0.023190","0.022917","0.000273","0.000273","5166.5300","-14232.3700","14232.370000","-128.660500","128.660500","0.08763066","0.07649002","0.01114064","0.01114064","0.29596850","0.30283224","-0.00686374","0.00686374"
"Rammasun","Antipolo","115","185.07","115 - Rammasun - Antipolo","2014-07-16","2014","86294","26644","-69.0000","65543.8000","17060.7000","-48483.100000","-438.287224","438.2872","-73.9705","73.9705","-76.4765","76.4765",5,"3327","7.1119","23661.2000","795","7.0012","0.110700","0.110700","0.064292","0.063291","0.001001","0.001001","5565.9500","-18095.2500","18095.250000","-163.581000","163.581000","0.03855424","0.02983786","0.00871638","0.00871638","0.36099829","0.32624394","0.03475435","0.03475435"
"Rammasun","Antipolo","115","185.07","115 - Rammasun - Antipolo","2014-07-16","2014","86294","26644","-69.0000","65543.8000","17060.7000","-48483.100000","-438.287224","438.2872","-73.9705","73.9705","-75.8533","75.8533",6,"1253","13.1522","16479.7000","305","13.0469","0.105300","0.105300","0.118896","0.117944","0.000952","0.000952","3979.3000","-12500.4000","12500.400000","-113.003800","113.003800","0.01452013","0.01144723","0.00307290","0.00307290","0.25143034","0.23324365","0.01818669","0.01818669"
"Mangkhut","Hong Kong","135","217.26","135 - Mangkhut - Hong Kong","2018-09-16","2018","544","84","-84.0000","3680.4300","725.7110","-2954.719000","-26.710660","26.7107","-80.2819","80.2819","-85.7888","85.7888",1,"71","0.0291","2.0695","8","0.0368","-0.007700","0.007700","0.000263","0.000333","-0.000070","0.000070","0.2941","-1.7754","1.775400","-0.016000","0.016000","0.13051471","0.09523810","0.03527661","0.03527661","0.00056230","0.00040526","0.00015704","0.00015704"
"Mangkhut","Hong Kong","135","217.26","135 - Mangkhut - Hong Kong","2018-09-16","2018","544","84","-84.0000","3680.4300","725.7110","-2954.719000","-26.710660","26.7107","-80.2819","80.2819","-93.4324","93.4324",2,"76","0.2926","22.2381","7","0.2086","0.084000","0.084000","0.002645","0.001886","0.000759","0.000759","1.4605","-20.7776","20.777600","-0.187800","0.187800","0.13970588","0.08333333","0.05637255","0.05637255","0.00604226","0.00201251","0.00402975","0.00402975"
"Mangkhut","Hong Kong","135","217.26","135 - Mangkhut - Hong Kong","2018-09-16","2018","544","84","-84.0000","3680.4300","725.7110","-2954.719000","-26.710660","26.7107","-80.2819","80.2819","-81.4817","81.4817",3,"37","0.7623","28.2050","7","0.7462","0.016100","0.016100","0.006891","0.006746","0.000146","0.000146","5.2231","-22.9819","22.981900","-0.207800","0.207800","0.06801471","0.08333333","-0.01531863","0.01531863","0.00766351","0.00719722","0.00046629","0.00046629"
"Mangkhut","Hong Kong","135","217.26","135 - Mangkhut - Hong Kong","2018-09-16","2018","544","84","-84.0000","3680.4300","725.7110","-2954.719000","-26.710660","26.7107","-80.2819","80.2819","-83.4049","83.4049",4,"176","2.6534","466.9950","24","3.2291","-0.575700","0.575700","0.023987","0.029191","-0.005204","0.005204","77.4981","-389.4969","389.496900","-3.521100","3.521100","0.32352941","0.28571429","0.03781513","0.03781513","0.12688599","0.10678920","0.02009678","0.02009678"
"Mangkhut","Hong Kong","135","217.26","135 - Mangkhut - Hong Kong","2018-09-16","2018","544","84","-84.0000","3680.4300","725.7110","-2954.719000","-26.710660","26.7107","-80.2819","80.2819","-82.6346","82.6346",5,"44","6.7539","297.1700","8","6.4506","0.303300","0.303300","0.061055","0.058313","0.002742","0.002742","51.6047","-245.5653","245.565300","-2.219900","2.219900","0.08088235","0.09523810","-0.01435574","0.01435574","0.08074328","0.07110916","0.00963412","0.00963412"
"Mangkhut","Hong Kong","135","217.26","135 - Mangkhut - Hong Kong","2018-09-16","2018","544","84","-84.0000","3680.4300","725.7110","-2954.719000","-26.710660","26.7107","-80.2819","80.2819","-79.4106","79.4106",6,"140","20.4554","2863.7600","30","19.6544","0.801000","0.801000","0.184917","0.177676","0.007241","0.007241","589.6310","-2274.1290","2274.129000","-20.558100","20.558100","0.25735294","0.35714286","-0.09978992","0.09978992","0.77810473","0.81248734","-0.03438261","0.03438261"
"Haiyan","Cebu City","140","225.31","140 - Haiyan - Cebu City","2013-11-08","2013","3309","1047","-68.0000","5624.6500","1265.3900","-4359.260000","-39.407710","39.4077","-77.5028","77.5028","-69.6206","69.6206",1,"1579","0.0171","26.9627","475","0.0172","-0.000100","0.000100","0.000155","0.000155","-0.000001","0.000001","8.1911","-18.7716","18.771600","-0.169700","0.169700","0.47718344","0.45367717","0.02350627","0.02350627","0.00479367","0.00647318","-0.00167952","0.00167952"
"Haiyan","Cebu City","140","225.31","140 - Haiyan - Cebu City","2013-11-08","2013","3309","1047","-68.0000","5624.6500","1265.3900","-4359.260000","-39.407710","39.4077","-77.5028","77.5028","-45.2288","45.2288",2,"331","0.2696","89.2350","176","0.2777","-0.008100","0.008100","0.002437","0.002510","-0.000073","0.000073","48.8751","-40.3599","40.359900","-0.364900","0.364900","0.10003022","0.16809933","-0.06806911","0.06806911","0.01586499","0.03862453","-0.02275955","0.02275955"
"Haiyan","Cebu City","140","225.31","140 - Haiyan - Cebu City","2013-11-08","2013","3309","1047","-68.0000","5624.6500","1265.3900","-4359.260000","-39.407710","39.4077","-77.5028","77.5028","-43.9873","43.9873",3,"197","0.7303","143.8630","114","0.7069","0.023400","0.023400","0.006602","0.006390","0.000212","0.000212","80.5816","-63.2814","63.281400","-0.572100","0.572100","0.05953460","0.10888252","-0.04934792","0.04934792","0.02557724","0.06368124","-0.03810400","0.03810400"
"Haiyan","Cebu City","140","225.31","140 - Haiyan - Cebu City","2013-11-08","2013","3309","1047","-68.0000","5624.6500","1265.3900","-4359.260000","-39.407710","39.4077","-77.5028","77.5028","-77.1426","77.1426",4,"818","2.5042","2048.4400","208","2.2511","0.253100","0.253100","0.022638","0.020350","0.002288","0.002288","468.2200","-1580.2200","1580.220000","-14.285200","14.285200","0.24720459","0.19866285","0.04854175","0.04854175","0.36418977","0.37002031","-0.00583054","0.00583054"
"Haiyan","Cebu City","140","225.31","140 - Haiyan - Cebu City","2013-11-08","2013","3309","1047","-68.0000","5624.6500","1265.3900","-4359.260000","-39.407710","39.4077","-77.5028","77.5028","-82.8640","82.8640",5,"292","7.2492","2116.7700","51","7.1123","0.136900","0.136900","0.065533","0.064295","0.001238","0.001238","362.7300","-1754.0400","1754.040000","-15.856600","15.856600","0.08824418","0.04871060","0.03953358","0.03953358","0.37633808","0.28665471","0.08968338","0.08968338"
"Haiyan","Cebu City","140","225.31","140 - Haiyan - Cebu City","2013-11-08","2013","3309","1047","-68.0000","5624.6500","1265.3900","-4359.260000","-39.407710","39.4077","-77.5028","77.5028","-75.2542","75.2542",6,"92","13.0367","1199.3700","23","12.9041","0.132600","0.132600","0.117852","0.116653","0.001199","0.001199","296.7940","-902.5760","902.576000","-8.159300","8.159300","0.02780296","0.02196753","0.00583544","0.00583544","0.21323460","0.23454745","-0.02131285","0.02131285"
"Haiyan","Tacloban","184","296.12","184 - Haiyan - Tacloban","2013-11-08","2013","220","7","-96.0000","302.7670","12.9022","-289.864800","-2.620378","2.6204","-95.7386","95.7386","-99.1857","99.1857",1,"112","0.0190","2.1245","2","0.0087","0.010300","0.010300","0.000172","0.000079","0.000093","0.000093","0.0173","-2.1072","2.107200","-0.019000","0.019000","0.50909091","0.28571429","0.22337662","0.22337662","0.00701695","0.00134086","0.00567609","0.00567609"
"Haiyan","Tacloban","184","296.12","184 - Haiyan - Tacloban","2013-11-08","2013","220","7","-96.0000","302.7670","12.9022","-289.864800","-2.620378","2.6204","-95.7386","95.7386","-88.9050","88.9050",3,"14","0.7731","10.8238","2","0.6004","0.172700","0.172700","0.006989","0.005428","0.001561","0.001561","1.2009","-9.6229","9.622900","-0.087000","0.087000","0.06363636","0.28571429","-0.22207792","0.22207792","0.03574960","0.09307715","-0.05732755","0.05732755"
"Haiyan","Tacloban","184","296.12","184 - Haiyan - Tacloban","2013-11-08","2013","220","7","-96.0000","302.7670","12.9022","-289.864800","-2.620378","2.6204","-95.7386","95.7386","-96.1662","96.1662",4,"60","2.7664","165.9860","2","3.1818","-0.415400","0.415400","0.025008","0.028763","-0.003755","0.003755","6.3635","-159.6225","159.622500","-1.443000","1.443000","0.27272727","0.28571429","-0.01298701","0.01298701","0.54823016","0.49321046","0.05501970","0.05501970"
"Haiyan","Tacloban","184","296.12","184 - Haiyan - Tacloban","2013-11-08","2013","220","7","-96.0000","302.7670","12.9022","-289.864800","-2.620378","2.6204","-95.7386","95.7386","-94.2973","94.2973",5,"14","6.6640","93.2967","1","5.3204","1.343600","1.343600","0.060243","0.048096","0.012146","0.012146","5.3204","-87.9763","87.976300","-0.795300","0.795300","0.06363636","0.14285714","-0.07922078","0.07922078","0.30814686","0.41236378","-0.10421692","0.10421692"
